[
  {
    "Genre": "Men",
    "Contract type": "Permanent contract",
    "Educational level": {
      "No education": 236914,
      "Elementary School Degree": 32189,
      "Middle School Degree": 386965,
      "High School Degree": 182328,
      "Bachelor's Degree": 53071,
      "Master's Degree": 4815,
      "Ph. D.": 390
    }
  },
  {
    "Genre": "Men",
    "Contract type": "Fixed-term contract",
    "Educational level": {
      "No education": 673112,
      "Elementary School Degree": 79201,
      "Middle School Degree": 890427,
      "High School Degree": 431487,
      "Bachelor's Degree": 86967,
      "Master's Degree": 12192,
      "Ph. D.": 817
    }
  },
  {
    "Genre": "Women",
    "Contract type": "Permanent contract",
    "Educational level": {
      "No education": 81606,
      "Elementary School Degree": 9284,
      "Middle School Degree": 167170,
      "High School Degree": 169584,
      "Bachelor's Degree": 59603,
      "Master's Degree": 4714,
      "Ph. D.": 294
    }
  },
  {
    "Genre": "Women",
    "Contract type": "Fixed-term contract",
    "Educational level": {
      "No education": 272170,
      "Elementary School Degree": 33137,
      "Middle School Degree": 553362,
      "High School Degree": 666854,
      "Bachelor's Degree": 478050,
      "Master's Degree": 12096,
      "Ph. D.": 1233
    }
  }
]
