{
  "name": "Contracts",
  "children": [
    {
      "name": "Men",
      "children": [
        {
          "name": "Permanent contract",
          "children": [
            {
              "name": "No education",
              "value": 236914
            },
            {
              "name": "Elementary School Degree",
              "value": 32189
            },
            {
              "name": "Middle School Degree",
              "value": 386965
            },
            {
              "name": "High School Degree",
              "value": 182328
            },
            {
              "name": "Bachelor's Degree",
              "value": 53071
            },
            {
              "name": "Master's Degree",
              "value": 4815
            },
            {
              "name": "Ph. D.",
              "value": 390
            }
          ]
        },
        {
          "name": "Fixed-term contract",
          "children": [
            {
              "name": "No education",
              "value": 673112
            },
            {
              "name": "Elementary School Degree",
              "value": 79201
            },
            {
              "name": "Middle School Degree",
              "value": 890427
            },
            {
              "name": "High School Degree",
              "value": 431487
            },
            {
              "name": "Bachelor's Degree",
              "value": 86967
            },
            {
              "name": "Master's Degree",
              "value": 12192
            },
            {
              "name": "Ph. D.",
              "value": 817
            }
          ]
        }
      ]
    },
    {
      "name": "Women",
      "children": [
        {
          "name": "Permanent contract",
          "children": [
            {
              "name": "No education",
              "value": 81606
            },
            {
              "name": "Elementary School Degree",
              "value": 9284
            },
            {
              "name": "Middle School Degree",
              "value": 167170
            },
            {
              "name": "High School Degree",
              "value": 169584
            },
            {
              "name": "Bachelor's Degree",
              "value": 59603
            },
            {
              "name": "Master's Degree",
              "value": 4714
            },
            {
              "name": "Ph. D.",
              "value": 294
            }
          ]
        },
        {
          "name": "Fixed-term contract",
          "children": [
            {
              "name": "No education",
              "value": 272170
            },
            {
              "name": "Elementary School Degree",
              "value": 33137
            },
            {
              "name": "Middle School Degree",
              "value": 553362
            },
            {
              "name": "High School Degree",
              "value": 666854
            },
            {
              "name": "Bachelor's Degree",
              "value": 478050
            },
            {
              "name": "Master's Degree",
              "value": 12096
            },
            {
              "name": "Ph. D.",
              "value": 1233
            }
          ]
        }
      ]
    }
  ]
}
